,precision,recall,f1-score,support,FPR
BENIGN,0.9993345174849905,0.9993361238635341,0.9993353206736167,622104.0,0.0032404762091124695
Bot,0.8847826086956522,0.6945392491467577,0.7782026768642447,586.0,7.073485506695121e-05
DDoS,0.9999479003855372,0.9995052727509439,0.9997265375750394,38405.0,2.8111286962828446e-06
DoS GoldenEye,0.9977250568735782,0.9951377633711507,0.9964297306069458,3085.0,9.373602328938454e-06
DoS Hulk,0.9988983165503779,0.9966637739851509,0.9977797941965751,51855.0,8.166095517529886e-05
DoS Slowhttptest,0.9898348157560356,0.9936224489795918,0.991725015913431,1568.0,2.1381941613935682e-05
DoS slowloris,0.9937965260545906,0.9937965260545906,0.9937965260545906,1612.0,1.3364499345807756e-05
FTP-Patator,1.0,0.999438202247191,0.9997190221972464,1780.0,0.0
Heartbleed,1.0,0.6666666666666666,0.8,3.0,0.0
Infiltration,1.0,0.7272727272727273,0.8421052631578947,11.0,0.0
PortScan,0.9887044637344278,0.999119136754019,0.9938845177896639,27246.0,0.0004303801322138837
SSH-Patator,1.0,0.9979296066252588,0.9989637305699481,966.0,0.0
Web Attack Brute Force,0.7158878504672898,0.8684807256235828,0.7848360655737705,441.0,0.00020282297557317505
Web Attack Sql Injection,1.0,0.16666666666666666,0.2857142857142857,6.0,0.0
Web Attack XSS,0.4069767441860465,0.1794871794871795,0.2491103202846975,195.0,6.80301146640913e-05
accuracy,0.9985690719504763,0.9985690719504763,0.9985690719504763,0.9985690719504763,
macro avg,0.9317259200125684,0.8185108046330005,0.8474219204781301,749863.0,
weighted avg,0.9985033348903007,0.9985690719504763,0.9985075268474523,749863.0,
