model,class,E1_F1,E2_F1,dF1,E1_recall,E2_recall,E1_support,E2_support
RandomForest,BENIGN,0.9993,0.9965,-0.0028,0.9993,0.9951,622104,442566
RandomForest,Bot,0.7782,1.0,0.2218,0.6945,1.0,586,221
RandomForest,DDoS,0.9997,1.0,0.0003,0.9995,1.0,38405,28537
RandomForest,DoS GoldenEye,0.9964,0.9989,0.0025,0.9951,0.9978,3085,2270
RandomForest,DoS Hulk,0.9978,1.0,0.0022,0.9967,1.0,51855,47541
RandomForest,DoS Slowhttptest,0.9917,0.9961,0.0044,0.9936,0.9942,1568,519
RandomForest,DoS slowloris,0.9938,0.9986,0.0048,0.9938,0.9972,1612,1079
RandomForest,FTP-Patator,0.9997,1.0,0.0003,0.9994,1.0,1780,1192
RandomForest,Heartbleed,0.8,1.0,0.2,0.6667,1.0,3,3
RandomForest,Infiltration,0.8421,0.8889,0.0468,0.7273,0.8,11,10
RandomForest,PortScan,0.9939,0.9448,-0.0491,0.9991,0.9671,27246,27213
RandomForest,SSH-Patator,0.999,1.0,0.001,0.9979,1.0,966,894
RandomForest,Web Attack BF,0.7848,0.9318,0.147,0.8685,0.9111,441,45
RandomForest,Web Attack SQL,0.2857,0.4,0.1143,0.1667,0.25,6,4
RandomForest,Web Attack XSS,0.2491,0.9333,0.6842,0.1795,0.875,195,8
DecisionTree,BENIGN,0.9991,0.9951,-0.0039,0.9992,0.9957,622104,442566
DecisionTree,Bot,0.8242,0.9932,0.169,0.8123,0.9955,586,221
DecisionTree,DDoS,0.9997,0.9999,0.0002,0.9998,0.9999,38405,28537
DecisionTree,DoS GoldenEye,0.9958,0.9967,0.0009,0.9961,0.9965,3085,2270
DecisionTree,DoS Hulk,0.9981,0.9999,0.0018,0.9979,1.0,51855,47541
DecisionTree,DoS Slowhttptest,0.9866,0.9875,0.0008,0.9892,0.9865,1568,519
DecisionTree,DoS slowloris,0.9913,0.9954,0.004,0.9938,0.9963,1612,1079
DecisionTree,FTP-Patator,0.9994,1.0,0.0006,0.9994,1.0,1780,1192
DecisionTree,Heartbleed,0.8,0.8571,0.0571,0.6667,1.0,3,3
DecisionTree,Infiltration,0.8421,0.6667,-0.1754,0.7273,0.6,11,10
DecisionTree,PortScan,0.9867,0.9214,-0.0653,0.9849,0.912,27246,27213
DecisionTree,SSH-Patator,0.999,1.0,0.001,1.0,1.0,966,894
DecisionTree,Web Attack BF,0.7447,0.9111,0.1664,0.7574,0.9111,441,45
DecisionTree,Web Attack SQL,0.4,0.3636,-0.0364,0.3333,0.5,6,4
DecisionTree,Web Attack XSS,0.4021,0.75,0.3479,0.3846,0.75,195,8
KNN,BENIGN,0.9933,0.9962,0.0029,0.9932,0.9953,622104,442566
KNN,Bot,0.5206,0.9528,0.4322,0.3874,0.914,586,221
KNN,DDoS,0.9946,0.9989,0.0044,0.9917,0.999,38405,28537
KNN,DoS GoldenEye,0.9467,0.9599,0.0132,0.9588,0.9396,3085,2270
KNN,DoS Hulk,0.9909,0.9982,0.0074,0.991,0.9991,51855,47541
KNN,DoS Slowhttptest,0.9553,0.9533,-0.002,0.9471,0.9249,1568,519
KNN,DoS slowloris,0.9478,0.942,-0.0059,0.9467,0.9175,1612,1079
KNN,FTP-Patator,0.989,0.9971,0.0081,0.9826,0.9941,1780,1192
KNN,Heartbleed,0.0,0.0,0.0,0.0,0.0,3,3
KNN,Infiltration,0.0,0.0,0.0,0.0,0.0,11,10
KNN,PortScan,0.881,0.9449,0.0639,0.8921,0.9612,27246,27213
KNN,SSH-Patator,0.9474,0.9916,0.0441,0.942,0.9855,966,894
KNN,Web Attack BF,0.675,0.7273,0.0522,0.6712,0.8,441,45
KNN,Web Attack SQL,0.0,0.0,0.0,0.0,0.0,6,4
KNN,Web Attack XSS,0.2271,0.0,-0.2271,0.159,0.0,195,8
LogisticRegression,BENIGN,0.9869,0.995,0.0082,0.9832,0.9912,622104,442566
LogisticRegression,Bot,0.0302,0.0769,0.0468,0.0154,0.0452,586,221
LogisticRegression,DDoS,0.9877,0.9991,0.0114,0.9788,0.9997,38405,28537
LogisticRegression,DoS GoldenEye,0.9075,0.9872,0.0797,0.8606,0.9859,3085,2270
LogisticRegression,DoS Hulk,0.9703,0.9992,0.029,0.9454,0.9996,51855,47541
LogisticRegression,DoS Slowhttptest,0.8441,0.9286,0.0845,0.8374,0.9403,1568,519
LogisticRegression,DoS slowloris,0.9041,0.9348,0.0307,0.8945,0.8971,1612,1079
LogisticRegression,FTP-Patator,0.9743,0.9937,0.0194,0.9893,0.9941,1780,1192
LogisticRegression,Heartbleed,1.0,0.8571,-0.1429,1.0,1.0,3,3
LogisticRegression,Infiltration,0.4706,0.75,0.2794,0.3636,0.6,11,10
LogisticRegression,PortScan,0.8434,0.9335,0.0901,0.9921,0.9965,27246,27213
LogisticRegression,SSH-Patator,0.9455,0.9916,0.0461,0.9068,0.9866,966,894
LogisticRegression,Web Attack BF,0.0,0.5938,0.5938,0.0,0.4222,441,45
LogisticRegression,Web Attack SQL,0.0,0.0,0.0,0.0,0.0,6,4
LogisticRegression,Web Attack XSS,0.0,0.875,0.875,0.0,0.875,195,8
LinearSVM_SGD,BENIGN,0.9758,0.9895,0.0137,0.9788,0.9876,622104,442566
LinearSVM_SGD,Bot,0.0,0.0611,0.0611,0.0,0.0317,586,221
LinearSVM_SGD,DDoS,0.9313,0.9911,0.0598,0.8798,0.9907,38405,28537
LinearSVM_SGD,DoS GoldenEye,0.7095,0.6553,-0.0542,0.6172,0.507,3085,2270
LinearSVM_SGD,DoS Hulk,0.9398,0.9851,0.0453,0.8949,0.9829,51855,47541
LinearSVM_SGD,DoS Slowhttptest,0.228,0.61,0.3819,0.1473,0.4836,1568,519
LinearSVM_SGD,DoS slowloris,0.6626,0.8458,0.1832,0.5087,0.7729,1612,1079
LinearSVM_SGD,FTP-Patator,0.2219,0.9678,0.7459,0.1287,0.9849,1780,1192
LinearSVM_SGD,Heartbleed,0.0,0.0,0.0,0.0,0.0,3,3
LinearSVM_SGD,Infiltration,0.0,0.3333,0.3333,0.0,0.2,11,10
LinearSVM_SGD,PortScan,0.8098,0.913,0.1032,0.9841,0.9862,27246,27213
LinearSVM_SGD,SSH-Patator,0.0,0.296,0.296,0.0,0.1801,966,894
LinearSVM_SGD,Web Attack BF,0.0,0.0,0.0,0.0,0.0,441,45
LinearSVM_SGD,Web Attack SQL,0.0,0.0,0.0,0.0,0.0,6,4
LinearSVM_SGD,Web Attack XSS,0.0,0.0,0.0,0.0,0.0,195,8
