,precision,recall,f1-score,support,train_support,status,FPR
BENIGN,0.9111045323324669,0.9968597252442588,0.9520549561272045,546449.0,928771.0,ok,0.2845342170209804
Bot,0.0,0.0,0.0,738.0,0.0,ZERO_TRAIN (unlearnable),0.0
DDoS,0.0,0.0,0.0,95123.0,0.0,ZERO_TRAIN (unlearnable),0.0
DoS GoldenEye,0.0,0.0,0.0,0.0,7567.0,ZERO_TEST (not evaluated),0.016796637399385195
DoS Hulk,0.0,0.0,0.0,0.0,158469.0,ZERO_TEST (not evaluated),0.11107519754733089
DoS Slowhttptest,0.0,0.0,0.0,0.0,1731.0,ZERO_TEST (not evaluated),9.546643536513183e-06
DoS slowloris,0.0,0.0,0.0,0.0,3595.0,ZERO_TEST (not evaluated),0.05671251783176632
FTP-Patator,0.0,0.0,0.0,0.0,3973.0,ZERO_TEST (not evaluated),0.0
Heartbleed,0.0,0.0,0.0,0.0,11.0,ZERO_TEST (not evaluated),0.0
Infiltration,0.0,0.0,0.0,32.0,0.0,ZERO_TRAIN (unlearnable),0.0
PortScan,0.0,0.0,0.0,90710.0,0.0,ZERO_TRAIN (unlearnable),0.0
SSH-Patator,0.0,0.0,0.0,0.0,2980.0,ZERO_TEST (not evaluated),1.0910449756015068e-05
Web Attack - Brute Force,0.0,0.0,0.0,151.0,0.0,ZERO_TRAIN (unlearnable),0.0
Web Attack - Sql Injection,0.0,0.0,0.0,12.0,0.0,ZERO_TRAIN (unlearnable),0.0
Web Attack - XSS,0.0,0.0,0.0,27.0,0.0,ZERO_TRAIN (unlearnable),0.0
accuracy,0.7429102533679195,0.7429102533679195,0.7429102533679195,0.7429102533679195,,,
macro avg,0.06074030215549779,0.06645731501628392,0.0634703304084803,733242.0,,,
weighted avg,0.6790011491274971,0.7429102533679195,0.7095194747719781,733242.0,,,
