seed,model,macro_f1_well,well_ci_lo,well_ci_hi,well_ci_width,macro_f1_cplus,cplus_ci_lo,cplus_ci_hi,n_well,n_groups,B
2,RandomForest,0.9885037218007174,0.9834377677603202,0.9926081371578303,0.009170369397510036,0.8752427268110816,0.8183210048292364,0.9491398532803242,11,288219,1000
2,DecisionTree,0.9796006022854286,0.9725201910192316,0.9854694438251582,0.012949252805926625,0.8742879672722119,0.8043489190350686,0.9458476464335734,11,288219,1000
2,LogisticRegression,0.8513974639858035,0.8359923157163642,0.8650805296884342,0.029088213972069954,0.7465765448839338,0.6978588011647974,0.7983672202349855,11,288219,1000
2,KNN,0.9464514283158563,0.9367508935657415,0.9550089714202014,0.018258077854459875,0.7653975947363909,0.7367163443139622,0.8069522224939786,11,288219,1000
2,LinearSVM_SGD,0.626206356794404,0.6208052736262537,0.6322297158651053,0.01142444223885164,0.5064174912923712,0.48813166231515687,0.5338781610811846,11,288219,1000
42,RandomForest,0.9875373398986729,0.9805703346024861,0.9926650908860294,0.012094756283543284,0.8759173920480323,0.782313244442145,0.9851847405617054,11,288219,1000
42,DecisionTree,0.9815981545556676,0.9736456860195506,0.9875384393063459,0.01389275328679529,0.8568738418930015,0.7855870075027148,0.9564340302577385,11,288219,1000
42,LogisticRegression,0.8586284939571368,0.8410731680013916,0.8740248725664888,0.032951704565097106,0.7669187672290645,0.6794077463261783,0.866115672685779,11,288219,1000
42,KNN,0.9465127198208463,0.9357902594588019,0.9569105649536306,0.021120305494828684,0.7400864607356517,0.6876230196158092,0.8095726844209892,11,288219,1000
42,LinearSVM_SGD,0.6259190535830673,0.6194484599950638,0.6327938017181375,0.013345341723073667,0.5189679205211624,0.4574025878061851,0.5869372797843355,11,288219,1000
123,RandomForest,0.990908244441856,0.9866133669560606,0.9940433450720527,0.0074299781159921086,0.8425910669566156,0.7738063236077626,0.9311587628509318,11,288219,1000
123,DecisionTree,0.9815343021046031,0.9750916842709888,0.9864431110295382,0.011351426758549388,0.8129646697027533,0.7549375362694264,0.8919082694021719,11,288219,1000
123,LogisticRegression,0.8603060879208656,0.8466865390877832,0.8724157493730837,0.025729210285300508,0.7217407981161377,0.6685057270899415,0.7932402874276574,11,288219,1000
123,KNN,0.93472684994069,0.9236008644104005,0.9453993271697652,0.0217984627593647,0.7054414302806279,0.6783849266171456,0.7436251132615975,11,288219,1000
123,LinearSVM_SGD,0.667035909807479,0.6604323619129983,0.6741374488919973,0.013705086978999081,0.5174246483898938,0.48602867400894567,0.5660900410131684,11,288219,1000
