seed,model,cls,support,micro,absent_frac,f1_mean,ci_lo,ci_hi,ci_width
2,RandomForest,BENIGN,445526,False,0.0,0.9964375401139259,0.996290372312069,0.9965902879834175,0.0002999156713485718
2,RandomForest,Bot,228,False,0.0,0.9976335691213608,0.9924021288752556,1.0,0.007597871124744415
2,RandomForest,DDoS,28833,False,0.0,1.0,1.0,1.0,0.0
2,RandomForest,DoS GoldenEye,2213,False,0.0,0.9979647059440613,0.996605497598648,0.9991240084171296,0.002518510818481534
2,RandomForest,DoS Hulk,47651,False,0.0,1.0,1.0,1.0,0.0
2,RandomForest,DoS Slowhttptest,495,False,0.0,0.9930078872442245,0.9875774428248405,0.9978277042508126,0.010250261425972074
2,RandomForest,DoS slowloris,1052,False,0.0,0.9985018362998962,0.9965601310133934,1.0,0.0034398689866066423
2,RandomForest,FTP-Patator,1148,False,0.0,1.0,1.0,1.0,0.0
2,RandomForest,Heartbleed,11,True,0.378,0.0,0.0,0.0,0.0
2,RandomForest,Infiltration,0,True,1.0,0.0,0.0,0.0,0.0
2,RandomForest,PortScan,27096,False,0.0,0.9432883077859878,0.9409721329808235,0.9455084159970284,0.004536283016204901
2,RandomForest,SSH-Patator,891,False,0.0,0.9994809566140175,0.9982403159141541,1.0,0.001759684085845925
2,RandomForest,Web Attack - Brute Force,40,False,0.0,0.9472261366844177,0.8922973036766052,0.9887640476226807,0.09646674394607546
2,RandomForest,Web Attack - Sql Injection,6,True,0.0010000000000000009,0.24221821664273738,0.0,0.6666666865348816,0.6666666865348816
2,RandomForest,Web Attack - XSS,6,True,0.0010000000000000009,0.7897921035885811,0.4000000059604645,1.0,0.5999999940395355
2,DecisionTree,BENIGN,445526,False,0.0,0.9950535072684288,0.9948750346899032,0.9952357441186905,0.00036070942878729806
2,DecisionTree,Bot,228,False,0.0,0.9823423100709915,0.9696969985961914,0.9932613939046859,0.023564395308494523
2,DecisionTree,DDoS,28833,False,0.0,1.0,1.0,1.0,0.0
2,DecisionTree,DoS GoldenEye,2213,False,0.0,0.9966029220819473,0.9948366433382034,0.9981811702251434,0.0033445268869399802
2,DecisionTree,DoS Hulk,47651,False,0.0,0.9998445736169815,0.9997576892375946,0.9999166741967201,0.0001589849591255854
2,DecisionTree,DoS Slowhttptest,495,False,0.0,0.9901166189312934,0.9834785029292107,0.9957731887698174,0.012294685840606667
2,DecisionTree,DoS slowloris,1052,False,0.0,0.9948012939095497,0.9914099454879761,0.9976450070738793,0.0062350615859031455
2,DecisionTree,FTP-Patator,1148,False,0.0,0.9995967218875885,0.9986394330859184,1.0,0.0013605669140815957
2,DecisionTree,Heartbleed,11,True,0.378,0.0,0.0,0.0,0.0
2,DecisionTree,Infiltration,0,True,1.0,0.0,0.0,0.0,0.0
2,DecisionTree,PortScan,27096,False,0.0,0.9195779904723167,0.9170263469219208,0.9222832694649696,0.005256922543048881
2,DecisionTree,SSH-Patator,891,False,0.0,0.998417223572731,0.9955405548214913,1.0,0.004459445178508714
2,DecisionTree,Web Attack - Brute Force,40,False,0.0,0.8992534633278847,0.8192497253417969,0.9620253443717957,0.1427756190299988
2,DecisionTree,Web Attack - Sql Injection,6,True,0.0010000000000000009,0.46585152223706244,0.0,0.9090909361839294,0.9090909361839294
2,DecisionTree,Web Attack - XSS,6,True,0.0010000000000000009,0.6509128925949335,0.25,0.9333333373069763,0.6833333373069763
2,LogisticRegression,BENIGN,445526,False,0.0,0.9950392692685127,0.9948418647050857,0.9952339649200439,0.0003921002149581687
2,LogisticRegression,Bot,228,False,0.0,0.09538091946020723,0.046870440151542424,0.14786712191998957,0.10099668176844714
2,LogisticRegression,DDoS,28833,False,0.0,0.9996348123550415,0.9994740456342697,0.9997750297188759,0.00030098408460621506
2,LogisticRegression,DoS GoldenEye,2213,False,0.0,0.981266087770462,0.9771836996078491,0.9854254886507988,0.008241789042949699
2,LogisticRegression,DoS Hulk,47651,False,0.0,0.9992250937223435,0.9990332886576653,0.9994077250361443,0.0003744363784790039
2,LogisticRegression,DoS Slowhttptest,495,False,0.0,0.9058807534575463,0.8865314841270446,0.924197144806385,0.03766566067934041
2,LogisticRegression,DoS slowloris,1052,False,0.0,0.9086890243291855,0.8907738119363785,0.9240077003836632,0.0332338884472847
2,LogisticRegression,FTP-Patator,1148,False,0.0,0.9982716485857963,0.9964412242174149,0.9995778888463974,0.003136664628982544
2,LogisticRegression,Heartbleed,11,True,0.378,0.0,0.0,0.0,0.0
2,LogisticRegression,Infiltration,0,True,1.0,0.0,0.0,0.0,0.0
2,LogisticRegression,PortScan,27096,False,0.0,0.932995809853077,0.9303708985447884,0.9355738297104835,0.005202931165695146
2,LogisticRegression,SSH-Patator,891,False,0.0,0.9922415570020676,0.9873393043875694,0.9961438551545143,0.008804550766944863
2,LogisticRegression,Web Attack - Brute Force,40,False,0.0,0.5567471280395985,0.3880356319248676,0.7000324562191963,0.3119968242943287
2,LogisticRegression,Web Attack - Sql Injection,6,True,0.0010000000000000009,0.0,0.0,0.0,0.0
2,LogisticRegression,Web Attack - XSS,6,True,0.0010000000000000009,0.7897921035885811,0.4000000059604645,1.0,0.5999999940395355
2,KNN,BENIGN,445526,False,0.0,0.9961447982788086,0.9959846824407578,0.9963061913847924,0.0003215089440345986
2,KNN,Bot,228,False,0.0,0.9404023654460907,0.9160570114850998,0.9609947770833969,0.0449377655982971
2,KNN,DDoS,28833,False,0.0,0.9989600841403008,0.9986894875764847,0.9992129117250442,0.0005234241485595481
2,KNN,DoS GoldenEye,2213,False,0.0,0.96406843739748,0.9582561671733856,0.9691642597317696,0.010908092558383986
2,KNN,DoS Hulk,47651,False,0.0,0.9986601693034172,0.9984303519129754,0.9988858789205551,0.00045552700757978126
2,KNN,DoS Slowhttptest,495,False,0.0,0.903726675927639,0.8844944894313812,0.9230769276618958,0.03858243823051455
2,KNN,DoS slowloris,1052,False,0.0,0.9462469182610512,0.9358060047030449,0.9570451810956001,0.021239176392555237
2,KNN,FTP-Patator,1148,False,0.0,1.0,1.0,1.0,0.0
2,KNN,Heartbleed,11,True,0.378,0.0,0.0,0.0,0.0
2,KNN,Infiltration,0,True,1.0,0.0,0.0,0.0,0.0
2,KNN,PortScan,27096,False,0.0,0.9433487249016762,0.9411978244781494,0.9454411625862121,0.004243338108062766
2,KNN,SSH-Patator,891,False,0.0,0.9900153744220733,0.9847582593560219,0.9946523904800415,0.0098941311240196
2,KNN,Web Attack - Brute Force,40,False,0.0,0.7293921633958816,0.6222072288393974,0.8182272672653198,0.19602003842592242
2,KNN,Web Attack - Sql Injection,6,True,0.0010000000000000009,0.0,0.0,0.0,0.0
2,KNN,Web Attack - XSS,6,True,0.0010000000000000009,0.0,0.0,0.0,0.0
2,LinearSVM_SGD,BENIGN,445526,False,0.0,0.9893878442645073,0.9890557482838631,0.9897023126482963,0.000646564364433222
2,LinearSVM_SGD,Bot,228,False,0.0,0.04271765826549381,0.00917431153357029,0.0817889604717493,0.07261464893817901
2,LinearSVM_SGD,DDoS,28833,False,0.0,0.9929140909910202,0.9922219961881638,0.9935871064662933,0.0013651102781295776
2,LinearSVM_SGD,DoS GoldenEye,2213,False,0.0,0.6490009655356407,0.6312404066324234,0.6670640736818314,0.03582366704940798
2,LinearSVM_SGD,DoS Hulk,47651,False,0.0,0.9851668881773948,0.9843897372484207,0.9859717071056366,0.0015819698572159258
2,LinearSVM_SGD,DoS Slowhttptest,495,False,0.0,0.5765740093588829,0.5391273647546768,0.6124101564288139,0.0732827916741371
2,LinearSVM_SGD,DoS slowloris,1052,False,0.0,0.827572472691536,0.8067612841725349,0.8476066797971725,0.040845395624637626
2,LinearSVM_SGD,FTP-Patator,1148,False,0.0,0.8954402731060982,0.8826477497816085,0.9088423550128937,0.02619460523128514
2,LinearSVM_SGD,Heartbleed,11,True,0.378,0.0,0.0,0.0,0.0
2,LinearSVM_SGD,Infiltration,0,True,1.0,0.0,0.0,0.0,0.0
2,LinearSVM_SGD,PortScan,27096,False,0.0,0.9123470557928085,0.9090629041194915,0.9152762189507484,0.0062133148312568665
2,LinearSVM_SGD,SSH-Patator,891,False,0.0,0.017148666555061937,0.006521209131460637,0.029916131403297186,0.02339492227183655
2,LinearSVM_SGD,Web Attack - Brute Force,40,False,0.0,0.0,0.0,0.0,0.0
2,LinearSVM_SGD,Web Attack - Sql Injection,6,True,0.0010000000000000009,0.0,0.0,0.0,0.0
2,LinearSVM_SGD,Web Attack - XSS,6,True,0.0010000000000000009,0.0,0.0,0.0,0.0
42,RandomForest,BENIGN,443159,False,0.0,0.9964854694604873,0.9963284701108932,0.9966411679983139,0.0003126978874207209
42,RandomForest,Bot,212,False,0.0,0.9975980656147003,0.9923624664545059,1.0,0.007637533545494124
42,RandomForest,DDoS,28353,False,0.0,1.0,1.0,1.0,0.0
42,RandomForest,DoS GoldenEye,2257,False,0.0,0.9991210471391678,0.9982093960046768,0.9997887089848518,0.001579312980174996
42,RandomForest,DoS Hulk,46368,False,0.0,0.9999781718254089,0.9999454006552696,1.0,5.45993447303994e-05
42,RandomForest,DoS Slowhttptest,517,False,0.0,0.9950753791332245,0.990346097946167,0.9990282520651818,0.00868215411901474
42,RandomForest,DoS slowloris,988,False,0.0,0.9984895748496055,0.9967175707221031,1.0,0.0032824292778969033
42,RandomForest,FTP-Patator,1221,False,0.0,1.0,1.0,1.0,0.0
42,RandomForest,Heartbleed,11,True,0.358,0.0,0.0,0.0,0.0
42,RandomForest,Infiltration,7,True,0.129,0.5730415813326836,0.0,1.0,1.0
42,RandomForest,PortScan,27126,False,0.0,0.9444566009640694,0.9422956451773643,0.9465827494859695,0.0042871043086052385
42,RandomForest,SSH-Patator,940,False,0.0,1.0,1.0,1.0,0.0
42,RandomForest,Web Attack - Brute Force,32,False,0.0,0.9317064298987389,0.8571428656578064,0.985517455637455,0.12837458997964857
42,RandomForest,Web Attack - Sql Injection,1,True,0.395,0.0,0.0,0.0,0.0
42,RandomForest,Web Attack - XSS,6,True,0.007000000000000006,0.8932748607695102,0.5714285969734192,1.0,0.4285714030265808
42,DecisionTree,BENIGN,443159,False,0.0,0.9951297968626023,0.994966259598732,0.9952970147132874,0.0003307551145553811
42,DecisionTree,Bot,212,False,0.0,0.9903055686950684,0.9801963865756989,0.9978403985500336,0.01764401197433474
42,DecisionTree,DDoS,28353,False,0.0,0.9999643219709397,0.9999110072851181,1.0,8.899271488194138e-05
42,DecisionTree,DoS GoldenEye,2257,False,0.0,0.9973425205349922,0.9956884682178497,0.9987224236130714,0.003033955395221666
42,DecisionTree,DoS Hulk,46368,False,0.0,0.9998471429944038,0.9997610449790955,0.9999235942959785,0.00016254931688308716
42,DecisionTree,DoS Slowhttptest,517,False,0.0,0.9883900701999664,0.9817122936248779,0.9945157885551452,0.012803494930267334
42,DecisionTree,DoS slowloris,988,False,0.0,0.9907507873177528,0.9867235749959946,0.9945957586169243,0.007872183620929674
42,DecisionTree,FTP-Patator,1221,False,0.0,1.0,1.0,1.0,0.0
42,DecisionTree,Heartbleed,11,True,0.358,0.0,0.0,0.0,0.0
42,DecisionTree,Infiltration,7,True,0.129,0.6566136506646871,0.0,1.0,1.0
42,DecisionTree,PortScan,27126,False,0.0,0.9210666603446007,0.9185373783111572,0.9234694376587868,0.004932059347629525
42,DecisionTree,SSH-Patator,940,False,0.0,0.998444369673729,0.9963320136070252,1.0,0.0036679863929748313
42,DecisionTree,Web Attack - Brute Force,32,False,0.0,0.9163384615182877,0.8275487512350083,0.9818341478705406,0.1542853966355323
42,DecisionTree,Web Attack - Sql Injection,1,True,0.395,0.0,0.0,0.0,0.0
42,DecisionTree,Web Attack - XSS,6,True,0.007000000000000006,0.6076544854044914,0.23529411852359772,0.8891666725277898,0.6538725540041921
42,LogisticRegression,BENIGN,443159,False,0.0,0.9950438409447669,0.994841855764389,0.9952337130904197,0.0003918573260307534
42,LogisticRegression,Bot,212,False,0.0,0.09342902401741594,0.04510020334273577,0.1458413414657116,0.10074113812297583
42,LogisticRegression,DDoS,28353,False,0.0,0.9993286651968956,0.9991147324442864,0.999539689719677,0.0004249572753906028
42,LogisticRegression,DoS GoldenEye,2257,False,0.0,0.985841990351677,0.9823811858892441,0.989055623114109,0.0066744372248649375
42,LogisticRegression,DoS Hulk,46368,False,0.0,0.9994190075993538,0.9992253676056861,0.9995870277285576,0.00036166012287142113
42,LogisticRegression,DoS Slowhttptest,517,False,0.0,0.9297462828159332,0.9136175125837326,0.945565079152584,0.03194756656885145
42,LogisticRegression,DoS slowloris,988,False,0.0,0.9231310324668884,0.90625,0.9389325380325317,0.03268253803253174
42,LogisticRegression,FTP-Patator,1221,False,0.0,0.9942684543728828,0.9904110431671143,0.9975845709443092,0.007173527777194932
42,LogisticRegression,Heartbleed,11,True,0.358,0.0,0.0,0.0,0.0
42,LogisticRegression,Infiltration,7,True,0.129,0.5387853632569313,0.0,1.0,1.0
42,LogisticRegression,PortScan,27126,False,0.0,0.9335529364943504,0.930942653119564,0.9360717296600342,0.005129076540470123
42,LogisticRegression,SSH-Patator,940,False,0.0,0.9882010301947594,0.9830310016870498,0.9928133815526963,0.009782379865646451
42,LogisticRegression,Web Attack - Brute Force,32,False,0.0,0.6029511690735817,0.4285714328289032,0.7647371858358383,0.3361657530069351
42,LogisticRegression,Web Attack - Sql Injection,1,True,0.395,0.0,0.0,0.0,0.0
42,LogisticRegression,Web Attack - XSS,6,True,0.007000000000000006,0.8117875532209873,0.5,1.0,0.5
42,KNN,BENIGN,443159,False,0.0,0.9962491439580917,0.9961044013500213,0.9964061751961708,0.000301773846149489
42,KNN,Bot,212,False,0.0,0.9549862506389618,0.9340101480484009,0.9746006965637207,0.040590548515319846
42,KNN,DDoS,28353,False,0.0,0.9990461304187774,0.9987856596708298,0.9992826789617538,0.0004970192909240501
42,KNN,DoS GoldenEye,2257,False,0.0,0.9690436834096908,0.9639503374695778,0.9739372134208679,0.009986875951290108
42,KNN,DoS Hulk,46368,False,0.0,0.9985897082686425,0.9983298420906067,0.9988256126642228,0.00049577057361605
42,KNN,DoS Slowhttptest,517,False,0.0,0.9495032086968422,0.9334716677665711,0.9637931078672409,0.03032144010066984
42,KNN,DoS slowloris,988,False,0.0,0.9553668547272682,0.9456334501504898,0.9652239471673966,0.01959049701690674
42,KNN,FTP-Patator,1221,False,0.0,0.9975151265859604,0.9951910242438317,0.9992006734013558,0.004009649157524109
42,KNN,Heartbleed,11,True,0.358,0.0,0.0,0.0,0.0
42,KNN,Infiltration,7,True,0.129,0.0,0.0,0.0,0.0
42,KNN,PortScan,27126,False,0.0,0.9446635775566101,0.9425059944391251,0.9469150900840759,0.0044090956449508445
42,KNN,SSH-Patator,940,False,0.0,0.9908858181834221,0.9863713905215263,0.9951177015900612,0.008746311068534851
42,KNN,Web Attack - Brute Force,32,False,0.0,0.655790415585041,0.5393042266368866,0.7711141318082809,0.23180990517139433
42,KNN,Web Attack - Sql Injection,1,True,0.395,0.0,0.0,0.0,0.0
42,KNN,Web Attack - XSS,6,True,0.007000000000000006,0.0,0.0,0.0,0.0
42,LinearSVM_SGD,BENIGN,443159,False,0.0,0.9886892899870873,0.988371878862381,0.9890170291066169,0.000645150244235948
42,LinearSVM_SGD,Bot,212,False,0.0,0.07996670244727283,0.03478260710835457,0.13207755163311957,0.097294944524765
42,LinearSVM_SGD,DDoS,28353,False,0.0,0.9902584602832795,0.9894118174910546,0.9910605624318123,0.0016487449407577293
42,LinearSVM_SGD,DoS GoldenEye,2257,False,0.0,0.6045965297222138,0.5837894737720489,0.6253630295395851,0.041573555767536186
42,LinearSVM_SGD,DoS Hulk,46368,False,0.0,0.9815601252317429,0.9806715965270996,0.9824894413352012,0.001817844808101654
42,LinearSVM_SGD,DoS Slowhttptest,517,False,0.0,0.567701202005148,0.5310286626219749,0.6035865619778633,0.07255789935588841
42,LinearSVM_SGD,DoS slowloris,988,False,0.0,0.8296941314935684,0.8087530612945557,0.8500031560659409,0.04125009477138519
42,LinearSVM_SGD,FTP-Patator,1221,False,0.0,0.9298370053768158,0.9180726125836373,0.9413242518901825,0.02325163930654528
42,LinearSVM_SGD,Heartbleed,11,True,0.358,0.0,0.0,0.0,0.0
42,LinearSVM_SGD,Infiltration,7,True,0.129,0.4200464076399803,0.0,0.75,0.75
42,LinearSVM_SGD,PortScan,27126,False,0.0,0.9128061428666114,0.9097105026245117,0.9158589720726014,0.006148469448089666
42,LinearSVM_SGD,SSH-Patator,940,False,0.0,0.0,0.0,0.0,0.0
42,LinearSVM_SGD,Web Attack - Brute Force,32,False,0.0,0.0,0.0,0.0,0.0
42,LinearSVM_SGD,Web Attack - Sql Injection,1,True,0.395,0.0,0.0,0.0,0.0
42,LinearSVM_SGD,Web Attack - XSS,6,True,0.007000000000000006,0.0,0.0,0.0,0.0
123,RandomForest,BENIGN,446644,False,0.0,0.9965294726490974,0.9963813811540604,0.996681024134159,0.00029964298009865775
123,RandomForest,Bot,227,False,0.0,0.9978540983200074,0.9928732365369797,1.0,0.007126763463020325
123,RandomForest,DDoS,28622,False,0.0,1.0,1.0,1.0,0.0
123,RandomForest,DoS GoldenEye,2279,False,0.0,0.9995611742734909,0.9989061117172241,1.0,0.0010938882827759011
123,RandomForest,DoS Hulk,47949,False,0.0,0.99996819460392,0.9999269187450409,1.0,7.308125495908424e-05
123,RandomForest,DoS Slowhttptest,494,False,0.0,0.9979362738132477,0.9947531446814537,1.0,0.005246855318546295
123,RandomForest,DoS slowloris,1165,False,0.0,0.9995687655806541,0.998657613992691,1.0,0.00134238600730896
123,RandomForest,FTP-Patator,1208,False,0.0,1.0,1.0,1.0,0.0
123,RandomForest,Heartbleed,11,True,0.33999999999999997,0.0,0.0,0.0,0.0
123,RandomForest,Infiltration,26,True,0.04700000000000004,0.30074124040454625,0.0,0.8333333134651184,0.8333333134651184
123,RandomForest,PortScan,26936,False,0.0,0.9449579693675041,0.9428140446543694,0.9470010876655579,0.0041870430111885515
123,RandomForest,SSH-Patator,927,False,0.0,0.9988749116659165,0.9965434655547142,1.0,0.0034565344452858193
123,RandomForest,Web Attack - Brute Force,45,False,0.0,0.9647398285865784,0.9180231228470802,1.0,0.08197687715291979
123,RandomForest,Web Attack - Sql Injection,4,True,0.018000000000000016,0.33053966593742373,0.0,1.0,1.0
123,RandomForest,Web Attack - XSS,13,True,0.0,0.7511817207187415,0.5,0.9411764740943909,0.44117647409439087
123,DecisionTree,BENIGN,446644,False,0.0,0.9950548942089081,0.9948817700147629,0.9952407270669937,0.00035895705223087937
123,DecisionTree,Bot,227,False,0.0,0.988953087925911,0.9783539474010468,0.9975792616605759,0.019225314259529114
123,DecisionTree,DDoS,28622,False,0.0,0.9999651204943657,0.9999122589826583,1.0,8.774101734165818e-05
123,DecisionTree,DoS GoldenEye,2279,False,0.0,0.9947145783305168,0.9894360274076461,0.9982757613062858,0.008839733898639679
123,DecisionTree,DoS Hulk,47949,False,0.0,0.9998533564805985,0.9997736006975174,0.9999272242188454,0.0001536235213279724
123,DecisionTree,DoS Slowhttptest,494,False,0.0,0.9897621877193451,0.9832985401153564,0.9955559730529785,0.012257432937622048
123,DecisionTree,DoS slowloris,1165,False,0.0,0.9952904722094535,0.9919751316308976,0.9980043157935142,0.006029184162616663
123,DecisionTree,FTP-Patator,1208,False,0.0,1.0,1.0,1.0,0.0
123,DecisionTree,Heartbleed,11,True,0.33999999999999997,0.0,0.0,0.0,0.0
123,DecisionTree,Infiltration,26,True,0.04700000000000004,0.28948553597927096,0.0,0.8333333134651184,0.8333333134651184
123,DecisionTree,PortScan,26936,False,0.0,0.9190556900501251,0.916376656293869,0.9215695306658744,0.0051928743720054404
123,DecisionTree,SSH-Patator,927,False,0.0,0.9967388578057289,0.9935039937496185,0.9994309157133102,0.005926921963691711
123,DecisionTree,Web Attack - Brute Force,45,False,0.0,0.917489077925682,0.8484848737716675,0.9677588850259781,0.11927401125431059
123,DecisionTree,Web Attack - Sql Injection,4,True,0.018000000000000016,0.18113955008238555,0.0,0.5714285969734192,0.5714285969734192
123,DecisionTree,Web Attack - XSS,13,True,0.0,0.5828838280662895,0.3333333432674408,0.8125,0.4791666567325592
123,LogisticRegression,BENIGN,446644,False,0.0,0.9949865037798882,0.9947734341025353,0.9951899692416191,0.0004165351390837957
123,LogisticRegression,Bot,227,False,0.0,0.06058070345502347,0.022727273404598236,0.10613605454564093,0.08340878114104269
123,LogisticRegression,DDoS,28622,False,0.0,0.9997571232318878,0.9996246993541718,0.9998780503869057,0.00025335103273393944
123,LogisticRegression,DoS GoldenEye,2279,False,0.0,0.9887952343821526,0.9852036014199257,0.9919832110404968,0.006779609620571114
123,LogisticRegression,DoS Hulk,47949,False,0.0,0.9991711432337761,0.9989502683281899,0.9993610695004463,0.0004108011722564475
123,LogisticRegression,DoS Slowhttptest,494,False,0.0,0.9384719376564026,0.9222205340862274,0.9536776572465897,0.03145712316036231
123,LogisticRegression,DoS slowloris,1165,False,0.0,0.9305636927485466,0.9159310340881348,0.9445151776075363,0.028584143519401528
123,LogisticRegression,FTP-Patator,1208,False,0.0,0.9930238354802131,0.9888497680425644,0.9963753044605255,0.007525536417961054
123,LogisticRegression,Heartbleed,11,True,0.33999999999999997,0.0,0.0,0.0,0.0
123,LogisticRegression,Infiltration,26,True,0.04700000000000004,0.3408363609239459,0.0,0.9230769276618958,0.9230769276618958
123,LogisticRegression,PortScan,26936,False,0.0,0.9322824876904487,0.9294834956526756,0.9348681285977364,0.005384632945060752
123,LogisticRegression,SSH-Patator,927,False,0.0,0.9897531616687775,0.9845098257064819,0.9942548155784607,0.009744989871978804
123,LogisticRegression,Web Attack - Brute Force,45,False,0.0,0.6359811438024044,0.5,0.7595063075423241,0.25950630754232407
123,LogisticRegression,Web Attack - Sql Injection,4,True,0.018000000000000016,0.0,0.0,0.0,0.0
123,LogisticRegression,Web Attack - XSS,13,True,0.0,0.7170017659366131,0.47058823704719543,0.9166666865348816,0.44607844948768616
123,KNN,BENIGN,446644,False,0.0,0.9962422512173653,0.996082030236721,0.9963978454470634,0.0003158152103424072
123,KNN,Bot,227,False,0.0,0.9631354174017906,0.9440295040607453,0.9789251804351806,0.03489567637443536
123,KNN,DDoS,28622,False,0.0,0.9985673276782036,0.9982514813542366,0.9988527685403824,0.0006012871861458269
123,KNN,DoS GoldenEye,2279,False,0.0,0.9707987335920334,0.9658080607652664,0.9756435200572013,0.009835459291934967
123,KNN,DoS Hulk,47949,False,0.0,0.9984523072242737,0.9981838822364807,0.9987009525299072,0.0005170702934265137
123,KNN,DoS Slowhttptest,494,False,0.0,0.9477202555537224,0.9316399961709976,0.9621224746108055,0.030482478439807892
123,KNN,DoS slowloris,1165,False,0.0,0.9536531751155853,0.9449618399143219,0.961618809401989,0.01665696948766704
123,KNN,FTP-Patator,1208,False,0.0,0.9975198882818223,0.9953991264104843,0.9991961121559143,0.0037969857454299705
123,KNN,Heartbleed,11,True,0.33999999999999997,0.0,0.0,0.0,0.0
123,KNN,Infiltration,26,True,0.04700000000000004,0.0,0.0,0.0,0.0
123,KNN,PortScan,26936,False,0.0,0.9449346117973327,0.9426548466086387,0.9471518158912658,0.004496969282627106
123,KNN,SSH-Patator,927,False,0.0,0.9875701037049294,0.9823148071765899,0.99237050563097,0.010055698454380035
123,KNN,Web Attack - Brute Force,45,False,0.0,0.5234012777805328,0.40423298105597494,0.6346378281712531,0.2304048471152782
123,KNN,Web Attack - Sql Injection,4,True,0.018000000000000016,0.0,0.0,0.0,0.0
123,KNN,Web Attack - XSS,13,True,0.0,0.0,0.0,0.0,0.0
123,LinearSVM_SGD,BENIGN,446644,False,0.0,0.989471457362175,0.9891480758786202,0.9897889226675034,0.0006408467888832092
123,LinearSVM_SGD,Bot,227,False,0.0,0.07688827461376786,0.03278353782370687,0.126601243391633,0.09381770556792614
123,LinearSVM_SGD,DDoS,28622,False,0.0,0.9885012494325638,0.987623231112957,0.9893318235874176,0.0017085924744605352
123,LinearSVM_SGD,DoS GoldenEye,2279,False,0.0,0.6641577051281929,0.6463764756917953,0.6825793296098709,0.03620285391807554
123,LinearSVM_SGD,DoS Hulk,47949,False,0.0,0.9847200618386268,0.9839740350842476,0.9855443492531777,0.0015703141689300537
123,LinearSVM_SGD,DoS Slowhttptest,494,False,0.0,0.6166184506416321,0.582415796816349,0.6483170747756958,0.06590127795934675
123,LinearSVM_SGD,DoS slowloris,1165,False,0.0,0.8514989481568337,0.8336499959230423,0.8681698247790337,0.034519828855991364
123,LinearSVM_SGD,FTP-Patator,1208,False,0.0,0.9705946439504624,0.9640858754515648,0.9771481603384018,0.013062284886837028
123,LinearSVM_SGD,Heartbleed,11,True,0.33999999999999997,0.0,0.0,0.0,0.0
123,LinearSVM_SGD,Infiltration,26,True,0.04700000000000004,0.20518469638749956,0.0,0.6000000238418579,0.6000000238418579
123,LinearSVM_SGD,PortScan,26936,False,0.0,0.9126026864051819,0.9093030363321304,0.9156904935836792,0.006387457251548767
123,LinearSVM_SGD,SSH-Patator,927,False,0.0,0.2823415303528309,0.24927709959447383,0.3158829018473625,0.06660580225288867
123,LinearSVM_SGD,Web Attack - Brute Force,45,False,0.0,0.0,0.0,0.0,0.0
123,LinearSVM_SGD,Web Attack - Sql Injection,4,True,0.018000000000000016,0.0,0.0,0.0,0.0
123,LinearSVM_SGD,Web Attack - XSS,13,True,0.0,0.0,0.0,0.0,0.0
