model,seed,accuracy,macro_f1,n_cplus,weighted_f1,fpr,fnr
DecisionTree,2,0.992044,0.853075,14,0.992015,0.004476,0.022011
DecisionTree,42,0.99215,0.81498,15,0.992114,0.004391,0.021918
DecisionTree,123,0.992029,0.793622,15,0.991979,0.004444,0.022128
RandomForest,2,0.994279,0.854255,14,0.994322,0.004848,0.0092
RandomForest,42,0.99436,0.840476,15,0.994405,0.004847,0.008867
RandomForest,123,0.994441,0.825685,15,0.994479,0.00493,0.008116
LinearSVM_SGD,2,0.982286,0.49192,14,0.981166,0.012262,0.036218
LinearSVM_SGD,42,0.981172,0.498997,15,0.979931,0.012598,0.040939
LinearSVM_SGD,123,0.982422,0.50297,15,0.981588,0.012019,0.036568
LogisticRegression,2,0.991875,0.726162,14,0.991885,0.008751,0.004568
LogisticRegression,42,0.99193,0.736872,15,0.991975,0.008769,0.004498
LogisticRegression,123,0.991844,0.704446,15,0.991861,0.008846,0.00464
KNN,2,0.993532,0.743811,14,0.993541,0.004534,0.012875
KNN,42,0.993719,0.694381,15,0.993739,0.004633,0.011718
KNN,123,0.993674,0.685452,15,0.993674,0.004729,0.011282
