class,precision_mean,precision_std,recall_mean,recall_std,f1_mean,f1_std,train_support_mean,test_support_mean,status
BENIGN,0.9946,0.0,0.9956,0.0,0.9951,0.0,1030110.3333,445109.6667,ok
Bot,0.9826,0.0103,0.9924,0.0046,0.9874,0.0034,515.6667,222.3333,ok
DDoS,1.0,0.0,1.0,0.0,1.0,0.0,66520.3333,28602.6667,ok
DoS GoldenEye,0.9955,0.003,0.997,0.0012,0.9962,0.0011,5317.3333,2249.6667,ok
DoS Hulk,0.9998,0.0,0.9999,0.0,0.9998,0.0,111146.3333,47322.6667,ok
DoS Slowhttptest,0.9862,0.0013,0.9927,0.0009,0.9894,0.0007,1229.0,502.0,ok
DoS slowloris,0.9921,0.0024,0.9953,0.0018,0.9937,0.002,2526.6667,1068.3333,ok
FTP-Patator,0.9997,0.0004,1.0,0.0,0.9999,0.0002,2780.6667,1192.3333,ok
Heartbleed,0.0,0.0,0.0,0.0,0.0,0.0,0.0,11.0,ZERO_TRAIN(all)
Infiltration,0.7917,0.0417,0.5247,0.3324,0.5562,0.2438,15.5,16.5,ZERO_TEST(1/3)
PortScan,0.9274,0.0007,0.9126,0.001,0.9199,0.0009,63657.3333,27052.6667,ok
SSH-Patator,1.0,0.0,0.9957,0.0015,0.9978,0.0008,2060.6667,919.3333,ok
Web Attack - Brute Force,0.9393,0.0283,0.888,0.0102,0.9125,0.0089,112.0,39.0,ok
Web Attack - Sql Injection,0.3889,0.4374,0.1944,0.1416,0.2333,0.2055,8.3333,3.6667,ok
Web Attack - XSS,0.5794,0.0683,0.7051,0.093,0.6281,0.0303,18.6667,8.3333,ok
