dataset,split,seed,model,accuracy,macro_f1,n_cplus,weighted_f1,fpr,fnr,train_rows,test_rows,sec
corrected,group5tuple,2,DecisionTree,0.9920442510392726,0.85307533075274,14,0.9920154417994518,0.004475608606456189,0.02201148901249202,1285143,555196,88.0
corrected,group5tuple,2,RandomForest,0.9942794976909055,0.8542548895799439,14,0.994322417403577,0.004848201900674708,0.009200328257499772,1285143,555196,184.2
corrected,group5tuple,2,LinearSVM_SGD,0.9822855351983804,0.4919203560448252,14,0.9811663364347262,0.01226191064045645,0.036217744141515455,1285143,555196,57.7
corrected,group5tuple,2,LogisticRegression,0.9918749414621143,0.7261619915375034,14,0.991884984094991,0.008751453338301244,0.004568250205160937,1285143,555196,238.2
corrected,group5tuple,2,KNN,0.9935320139194086,0.7438112594944198,14,0.993541161232881,0.004533966592297644,0.012874988602170147,150000,555196,253.5
corrected,group5tuple,42,DecisionTree,0.9921498263781799,0.8149797725930737,15,0.9921137166781268,0.004391200449500067,0.02191801108858838,1289141,551198,80.6
corrected,group5tuple,42,RandomForest,0.9943595586341024,0.8404755306681686,15,0.9944053692612175,0.0048470187900956545,0.008867168337359657,1289141,551198,175.5
corrected,group5tuple,42,LinearSVM_SGD,0.9811719200722789,0.49899693744093454,15,0.9799312274490519,0.012598187106659236,0.04093892020474088,1289141,551198,65.5
corrected,group5tuple,42,LogisticRegression,0.9919303045366638,0.7368717204374428,15,0.9919748542522998,0.008768861740368582,0.00449837558659373,1289141,551198,240.0
corrected,group5tuple,42,KNN,0.9937191354105058,0.6943814575238042,15,0.9937391063267765,0.004632648778429413,0.011717990725571321,150000,551198,252.9
corrected,group5tuple,123,DecisionTree,0.9920294672536161,0.7936223835446057,15,0.9919792174794091,0.004444255380123768,0.022128000291157898,1283789,556550,98.3
corrected,group5tuple,123,RandomForest,0.9944407510556105,0.8256853292785619,15,0.9944785635059087,0.00493010093049498,0.008116026422579295,1283789,556550,184.0
corrected,group5tuple,123,LinearSVM_SGD,0.9824220645045368,0.5029704717635314,15,0.9815877572865678,0.012018520342823366,0.03656761232325806,1283789,556550,61.2
corrected,group5tuple,123,LogisticRegression,0.9918443985266373,0.7044456261705473,15,0.9918609840588268,0.008845971288095217,0.004640329008425381,1283789,556550,221.6
corrected,group5tuple,123,KNN,0.9936735243913395,0.6854520636225822,15,0.9936741702678272,0.00472859816766821,0.011282368569504849,150000,556550,259.2
