feature,Web Attack - Sql Injection,Web Attack - XSS,Infiltration,Web Attack - Brute Force,BENIGN,DoS Hulk,DDoS,PortScan,FTP-Patator
Dst Port,0.0022387402030370103,0.004036200001954108,0.012657942611139755,0.01163238680455484,0.005978256087987208,0.004169634720113338,0.0017604529774779114,0.04899923685415494,0.12601648876281
Protocol,0.0002706895044688146,0.0022310138295541545,0.002100465878560367,0.0026712687728216006,0.0016276881812293004,0.0026999855981486207,0.0025523337112300353,0.002289656828578625,0.0018963457282799585
Flow Duration,0.009931423054382297,0.003089160935004285,0.009726678262142846,0.00747721636341157,0.0025166354102525872,0.0015575199722609307,0.0005519693240006485,0.007807701988999374,0.009602129319839541
Total Fwd Packet,5.1148318165572555e-05,0.008817469496917033,0.007691165918608744,0.031218388908534483,0.005824169535548654,0.0038291117112480176,0.001217997349851875,0.03605565458491488,0.003663874366515479
Total Bwd packets,0.0010523506985342524,0.02668861034879981,0.01975973703996425,0.02605335782759189,0.005368226460279945,0.007548404483758861,0.001518318064859527,0.018756809736260514,0.005653283296056284
Total Length of Fwd Packet,0.00693690646653813,0.022466914175504466,0.014323156782215235,0.018914684948234613,0.006223166617582899,0.02377608196959383,0.07249646493184018,0.03658310457658525,0.008829846926364996
Total Length of Bwd Packet,0.0069350132599381616,0.04072800658649406,0.02867412111109723,0.02291759853149019,0.011773477593100278,0.05528155064891814,0.03814653784342026,0.027430764140721518,0.03200101017282765
Fwd Packet Length Max,0.0073550369310718166,0.014225415727481849,0.014134896528040298,0.013123365006837471,0.005981892293100342,0.023464972819869468,0.0631370084795928,0.04207206507889448,0.010596407989894197
Fwd Packet Length Min,1.5634403322506093e-05,0.0030857644394045067,0.007846330749910379,0.0031742450829626437,0.00109264824289487,0.0010230810707409182,0.0003751955061822618,0.007347171284529376,0.0020779457902530005
Fwd Packet Length Mean,0.0021484419726353256,0.009063186603651003,0.008493706808225287,0.007257431141410679,0.003585564038202836,0.01790437321420674,0.04600935994162551,0.0396820020837537,0.020969495770478228
Fwd Packet Length Std,0.0032324623275403618,0.013881613497144991,0.00967508466195687,0.012550031750467264,0.0025379991515555077,0.022588764936393453,0.04184139454642953,0.0034445884536024587,0.019049128149912675
Bwd Packet Length Max,4.96589047149833e-05,0.011690141241497786,0.014491747161688917,0.014143261250062588,0.011754948276020126,0.05548591210481258,0.05410590119756642,0.007403880844907913,0.04196285677749004
Bwd Packet Length Min,2.207944099632906e-05,2.1944157619934694e-08,0.0003692934519471913,2.9425441389433847e-05,0.0002804878603354705,3.115555322588423e-05,9.172325695296598e-07,9.142608175726105e-05,0.0
Bwd Packet Length Mean,0.001946753348829432,0.0459534305953438,0.04206949769777018,0.014960768575946968,0.01155243957838435,0.0661140849628161,0.04937232398945273,0.010769752393195886,0.03684632156979715
Bwd Packet Length Std,0.004231620912547223,0.012620689893343542,0.013903375962477649,0.007298821565763693,0.012973648486047455,0.0785081640193469,0.03995354397863957,0.004265308560626318,0.011614780647055642
Flow Bytes/s,0.004934549530181648,0.003321612430420586,0.004156477514789933,0.006158589932404729,0.0012475397989949002,0.007308290677341847,0.003747454890339094,0.003340990723270679,0.007853929865496377
Flow Packets/s,0.0033288861681915523,0.0068656226127446806,0.005038544659802492,0.004964513773571891,0.0035536041485862454,0.0032120283632391953,0.003090720711182076,0.028324479756782785,0.007026875574061773
Flow IAT Mean,0.0022658177729705255,0.010263738542470143,0.003177512332681371,0.008810042257026224,0.0023378026661769495,0.0025670637352381434,0.002381899944762454,0.016026298791043284,0.012266668221651391
Flow IAT Std,0.00018285187670441438,0.007123933353288085,0.001724393998313539,0.0026065478600838187,0.002004544867194441,0.005177255168407063,0.004305492689831641,0.0053854006451263346,0.010413489474951033
Flow IAT Max,0.007300125499576765,0.0064852396224841374,0.003415690377281515,0.013292427733493739,0.002987752111487105,0.004448606181444493,0.0034297070580133018,0.01748128585031985,0.009538082411655956
Flow IAT Min,2.0419815190985206e-05,0.0025835591369589924,0.001302869530624727,0.0027746580745586606,0.001819596722609312,0.0001044623936825651,4.941393697873244e-05,0.010352649282579006,0.0005419921046091731
Fwd IAT Total,0.008795082112064818,0.002184096336349073,0.0027582947128867463,0.006879878129980622,0.0009700668452959818,0.003157328332233908,0.0020317787818832063,0.005616716782625382,0.002464716530776596
Fwd IAT Mean,0.0010414459599072754,0.006830165503615288,0.0010829165624125809,0.005916210525001863,0.0014382240897274719,0.005979897290148386,0.004948494149520018,0.009549709854154806,0.005415676906984456
Fwd IAT Std,0.0051866061757633005,0.0062023204881850175,0.0027142638686784753,0.005829358951025898,0.0007434605157091114,0.007053259316439037,0.005207936219497916,0.008967534802020614,0.005489709289983174
Fwd IAT Max,0.005172209372705278,0.006664900606373601,0.0014178795876426352,0.01497396525522823,0.0010954594955139452,0.005331863776361642,0.0033580377862364296,0.0071816764590757285,0.0028753088838881905
Fwd IAT Min,0.0038180836649640364,0.005555829832727188,0.005729878894844852,0.010109602667139615,0.0006352087945169107,0.00028199128743967584,0.0004423989517737667,0.004549361159176661,0.000700327516436553
Bwd IAT Total,0.0029119474767047037,0.010509883281977841,0.0017386052363942272,0.006775362574303446,0.001176652531782057,0.00395861245839611,0.0023659520021028792,0.0012603235716808778,0.003389925939346411
Bwd IAT Mean,0.003824305409316718,0.009787139438337046,0.00448315057256317,0.0052214086652196704,0.000883699091285356,0.003304555952820224,0.0014537264833104837,0.0015600149988951382,0.00547329799680272
Bwd IAT Std,0.0037001140618655674,0.010835586234645441,0.0011396025575766086,0.0028779778655607722,0.0005229419332642972,0.0035682525628849696,0.0010751861272852714,2.6320984218599804e-05,0.005927056698381619
Bwd IAT Max,0.0014574409358511231,0.003818293679970143,0.005325513364488837,0.010384197643458609,0.0010725583542212412,0.0031110731956518166,0.001568458462189319,0.006780783458841658,0.004272132708544462
Bwd IAT Min,0.0001437800375869409,8.192366686791503e-06,0.0037536051112978335,0.002659496579540405,0.0010267375699508487,0.0015324618195232855,0.0001692976434512096,0.0005075510844923046,0.00033173762773835633
Fwd PSH Flags,0.0023665601598489134,0.051791039755564344,0.04624802346047862,0.03822118936502302,0.001788156552762254,0.004120809544581884,0.003945918887729991,0.0018558975205498036,0.017525261396362322
Bwd PSH Flags,0.0060547400593359965,0.032709348006092216,0.006764098093573809,0.027709259974268794,0.0019228577466144214,0.006260342824773852,0.005138912087157463,0.001317408215309652,0.026597889987751665
Fwd URG Flags,0.0,0.0,0.0,0.0,4.5896447407387975e-09,0.0,0.0,1.5386336068332436e-07,0.0
Bwd URG Flags,0.0,0.0,0.0,0.0,0.0,0.0,0.0,0.0,0.0
Fwd Header Length,0.0004403775833594026,0.00927927450382116,0.004223385629084564,0.025032947337485102,0.004545896375924917,0.00682398537306317,0.013666802246864467,0.019209784806529007,0.009711288296928525
Bwd Header Length,0.0003286754799716199,0.02603662708494285,0.007791118228390266,0.024773391621066277,0.004109263886264541,0.0059093757129972686,0.005342519632506688,0.012024653338258931,0.031052827251771012
Fwd Packets/s,0.001490173376498108,0.004302135470322385,0.004237256991712114,0.00784507307423551,0.004262412831421567,0.002745428555246374,0.0022478722162227673,0.03412682813434503,0.008376909248846558
Bwd Packets/s,0.0007994148574515422,0.009420313986101944,0.0062552172282985255,0.0045632749995238656,0.005305552682118928,0.0029648804341278288,0.0029774639443856513,0.05152601952996892,0.007812655257842303
Packet Length Min,0.0021224040051905407,0.0018595538541121605,0.004860961808237974,0.005414677003111882,0.0032285934138419777,0.004489807843975936,0.0033762298588426195,0.00990853080658151,0.007482609631566632
Packet Length Max,0.0013512842506318377,0.009028948975040293,0.015340896048411651,0.009606589850922673,0.005316290632324954,0.0208357617214955,0.01482642211540219,0.02332911779252519,0.039105544010437886
Packet Length Mean,0.0036965173799293487,0.025021824477779116,0.006847252328415335,0.012589168585452424,0.007980423601004637,0.02931753249716967,0.026434616113925,0.024971880548095137,0.03782607024752212
Packet Length Std,0.003047678819843444,0.010148100000839154,0.005476097806010808,0.008870513408681203,0.010714922773321409,0.0734628254032438,0.05985351344792799,0.012097298840000485,0.023614026100312213
Packet Length Variance,0.0015833080822417465,0.014741865007227605,0.012874412871906563,0.016374391257699197,0.010629634951245588,0.06473132135370771,0.06388383656644024,0.012973121101230872,0.018322356038746254
FIN Flag Count,0.0009540654924979832,0.0031482856918545452,0.0010479676098746281,0.004004887302366564,0.0006579508646485783,0.0002695232573229253,0.000308487221872435,0.0003555686030736539,0.003977034863455627
SYN Flag Count,0.00023356731959355822,0.0055748478015450196,0.004500397150963154,0.006322238218618163,0.004909041835398478,0.005036697531380605,0.002845527905590526,0.021024920921172505,0.013092083693831887
RST Flag Count,0.0008865770473498387,0.010731993514610695,0.00824056819826485,0.006898616412869624,0.0155365448990625,0.03313006059497044,0.029888701165801834,0.03639788678856215,0.016462404975685224
PSH Flag Count,0.0010819614160328546,0.030826073178193285,0.034482861881632416,0.04056598545697219,0.0015404069558423244,0.002745463092343809,0.0022945479300486684,0.0002117951689792497,0.028596260511028867
ACK Flag Count,0.009782744345497862,0.018271223178700783,0.01828720864950915,0.014183542466262654,0.0055925776390467466,0.013759006165691338,0.007466398252228766,0.02680305406633926,0.008476992973680285
URG Flag Count,0.0,0.0,0.0,0.0,6.189415383703909e-07,0.0,8.284176451406318e-06,1.586109777857177e-06,0.0
CWR Flag Count,0.0,0.0,0.0,0.0,0.0,0.0,0.0,0.0,0.0
ECE Flag Count,0.0,0.0,0.0,0.0,6.962847518885618e-08,0.0,0.0,0.0,0.0
Down/Up Ratio,0.00034119914581834344,0.03342387525584243,0.005482090689755556,0.024548711974407226,0.0007728850070313094,0.0005498299472075675,0.0002920632248909672,0.0025329796281988027,0.05056321185690153
Average Packet Size,4.015306409212117e-05,0.018827175627221446,0.0070104052013484205,0.01228659892824597,0.007128642534103837,0.016127458290298345,0.013803314689589386,0.038946279112406244,0.041379958753535506
Fwd Segment Size Avg,0.0003732318504287769,0.013408377123695006,0.004347624260116347,0.00459352279205025,0.0018312195418919623,0.015159552031636781,0.04130249239019177,0.018796828968534286,0.021928506553441432
Bwd Segment Size Avg,0.0013817066335641813,0.038079636248947786,0.04610600048953334,0.015244127307145272,0.012118708731759298,0.055588958566884075,0.052159592053447036,0.030926143403814357,0.04086807669711794
Fwd Bytes/Bulk Avg,4.7545160952572884e-05,5.137131291210571e-05,0.016433271347458967,0.0003966672888367641,0.00025813779358331974,0.00052994111353831,1.0452527052788299e-05,5.373903165507503e-06,0.0005971749768439112
Fwd Packet/Bulk Avg,0.00016523807970379123,8.07387419300223e-05,0.026311837897619157,0.00047642420851059397,0.00018606881903277406,7.033906289172394e-05,1.984741292990768e-05,2.608452028074887e-05,7.876571160544457e-05
Fwd Bulk Rate Avg,4.0007789502273045e-05,6.775162506539739e-05,0.004555777374099375,6.039676532153399e-05,0.0001465463255310968,5.4958227203078676e-05,8.680948779371696e-06,8.361212254883719e-07,0.000265827311764761
Bwd Bytes/Bulk Avg,3.8196124413976874e-05,0.016609629209274262,0.0007176805948551911,0.0056651126117316,0.0007366990830915332,0.008405894706904397,0.0004909713145061391,4.246056528068975e-05,0.003006732043427018
Bwd Packet/Bulk Avg,0.0011589188521392638,0.014834586416487031,0.0021911137452383096,0.002618530531512906,0.0004309056573295764,0.001242076771990778,0.0002550856516954114,2.631200451156664e-05,0.0022703603431364025
Bwd Bulk Rate Avg,0.0002525397364107831,0.010859274682924566,0.0025902259987844803,0.007052318726558218,0.0007641414298162061,0.03300504396791173,0.0017930516626891053,0.00012170821407205055,0.0008183813354260403
Subflow Fwd Packets,0.0,0.0,0.0,0.0,0.00016754732885624642,5.051230542986741e-08,0.0,0.0008599861750546314,0.0
Subflow Fwd Bytes,0.007207167727872335,0.011532365069760004,0.004796944097267823,0.006500445128046241,0.0016434171879714965,0.011799825106170671,0.03114789789479633,0.008318298163755539,0.029378876711489876
Subflow Bwd Packets,0.0,0.0,0.0,0.0,0.0,0.0,0.0,0.0,0.0
Subflow Bwd Bytes,0.010166785220595805,0.015584130942970661,0.020641165693328585,0.01172600002578529,0.008440260684177798,0.024635023107687778,0.028614196184729282,0.022344990128225065,0.032788406848015025
FWD Init Win Bytes,0.006112069231018975,0.005572355245861791,0.007321396689872793,0.01387690471869681,0.006572542991071207,0.013462880367113957,0.03140923695936887,0.018508178955187728,0.02246413125599883
Bwd Init Win Bytes,0.014424209571804288,0.011203542920326494,0.009165850496063785,0.03284068341077046,0.004898855673241978,0.02951196757202391,0.04846661142512504,0.008240335723816265,0.011511075303767647
Fwd Act Data Pkts,0.004123548438489802,0.032949203908198284,0.018684137407920277,0.03996364920213201,0.0008003785883444916,0.0018728478258977165,0.001382428228686807,0.0007820456757655962,0.005975470054715385
Fwd Seg Size Min,0.0018276602495310634,0.005980898113025373,0.005093857496703355,0.0106456445776093,0.004542499521664056,0.001106647352793884,0.0012460490581375537,0.037720351919807264,0.012035828311866663
Active Mean,0.0004554501324183794,0.0007354753305103895,0.003980877833732266,0.044165530085917636,0.00032016226284998606,0.0017606538930365597,0.00037071210951647026,0.00020160279703755645,0.0006408535491904543
Active Std,6.455797676338121e-05,4.773700571599746e-05,0.0028059387881030537,0.0001021213916112035,0.0003437551088512929,0.00024589102815683356,9.929810018306071e-05,6.919558369958905e-06,0.0001673065336662277
Active Max,0.004990732433409996,0.0048216865917232055,0.002748608695279527,0.0201225827256329,0.00039959672269896415,0.002221018695741922,0.00018479315288940778,0.0001288566916270187,0.0005496907051995839
Active Min,0.011002396370122307,0.0034984016323045485,0.003005871933416066,0.03719603690707815,0.0004208420160173921,0.002507718461056342,0.0006830231149640274,0.00047597850763348077,0.0038764149938280523
Idle Mean,0.0012220717792912185,0.001488526851429045,0.0007015769554558435,0.018247739771633895,0.0003740766000972422,0.00015374840836884543,0.00021870261537380045,8.961436364928764e-05,0.0021518502209066795
Idle Std,2.581240058402685e-05,1.2713810261701287e-06,0.0005385284865718855,0.00014744833356476796,9.550499512751426e-05,0.0001205337341740442,7.157639657947346e-06,3.4451476631354616e-05,0.00047223147512944993
Idle Max,0.003658788963114394,0.003885463569785481,0.0021502886330804437,0.005980085456286637,0.00036257092210160546,0.0010529410761317007,0.0005040364073133005,0.001005132105967678,0.0004877149341304823
Idle Min,0.004082361017921557,0.004691589888711964,0.001150259073027635,0.013300461886292286,0.00031681594364829006,0.0017956547726705851,0.0010230853092858462,3.6057105221509664e-05,0.0003387582055591795
