class,group,side,n_explained,rank,feature,mean_abs_shap,share_of_class_total
Web Attack - Sql Injection,degraded,test,1,1,Bwd Init Win Bytes,0.014424209571804288,0.06871157168710523
Web Attack - Sql Injection,degraded,test,1,2,Active Min,0.011002396370122307,0.052411325775062224
Web Attack - Sql Injection,degraded,test,1,3,Subflow Bwd Bytes,0.010166785220595805,0.04843078492688508
Web Attack - Sql Injection,degraded,test,1,4,Flow Duration,0.009931423054382297,0.04730960707130094
Web Attack - Sql Injection,degraded,test,1,5,ACK Flag Count,0.009782744345497862,0.04660135697877395
Web Attack - Sql Injection,degraded,test,1,6,Fwd IAT Total,0.008795082112064818,0.04189650129726487
Web Attack - Sql Injection,degraded,test,1,7,Fwd Packet Length Max,0.0073550369310718166,0.03503666144303194
Web Attack - Sql Injection,degraded,test,1,8,Flow IAT Max,0.007300125499576765,0.034775083798667346
Web Attack - Sql Injection,degraded,test,1,9,Subflow Fwd Bytes,0.007207167727872335,0.03433226753462554
Web Attack - Sql Injection,degraded,test,1,10,Total Length of Fwd Packet,0.00693690646653813,0.03304484336486634
Web Attack - XSS,degraded,test,6,1,Fwd PSH Flags,0.051791039755564344,0.062493390913833505
Web Attack - XSS,degraded,test,6,2,Bwd Packet Length Mean,0.0459534305953438,0.05544946993882271
Web Attack - XSS,degraded,test,6,3,Total Length of Bwd Packet,0.04072800658649406,0.049144239018246466
Web Attack - XSS,degraded,test,6,4,Bwd Segment Size Avg,0.038079636248947786,0.045948596614270615
Web Attack - XSS,degraded,test,6,5,Down/Up Ratio,0.03342387525584243,0.04033074663256116
Web Attack - XSS,degraded,test,6,6,Fwd Act Data Pkts,0.032949203908198284,0.03975798689991388
Web Attack - XSS,degraded,test,6,7,Bwd PSH Flags,0.032709348006092216,0.03946856601313405
Web Attack - XSS,degraded,test,6,8,PSH Flag Count,0.030826073178193285,0.03719612215849169
Web Attack - XSS,degraded,test,6,9,Total Bwd packets,0.02668861034879981,0.03220367398195238
Web Attack - XSS,degraded,test,6,10,Bwd Header Length,0.02603662708494285,0.03141696174041812
Infiltration,degraded,test,7,1,Fwd PSH Flags,0.04624802346047862,0.07216269805655244
Infiltration,degraded,test,7,2,Bwd Segment Size Avg,0.04610600048953334,0.07194109375862656
Infiltration,degraded,test,7,3,Bwd Packet Length Mean,0.04206949769777018,0.06564277200623093
Infiltration,degraded,test,7,4,PSH Flag Count,0.034482861881632416,0.053805031305099796
Infiltration,degraded,test,7,5,Total Length of Bwd Packet,0.02867412111109723,0.044741413555659686
Infiltration,degraded,test,7,6,Fwd Packet/Bulk Avg,0.026311837897619157,0.041055445648210516
Infiltration,degraded,test,7,7,Subflow Bwd Bytes,0.020641165693328585,0.03220726197598077
Infiltration,degraded,test,7,8,Total Bwd packets,0.01975973703996425,0.030831932502160573
Infiltration,degraded,test,7,9,Fwd Act Data Pkts,0.018684137407920277,0.029153630043607787
Infiltration,degraded,test,7,10,ACK Flag Count,0.01828720864950915,0.028534285734382082
Web Attack - Brute Force,stable,test,32,1,Active Mean,0.044165530085917636,0.04993897602566846
Web Attack - Brute Force,stable,test,32,2,PSH Flag Count,0.04056598545697219,0.04586888850314721
Web Attack - Brute Force,stable,test,32,3,Fwd Act Data Pkts,0.03996364920213201,0.045187813109478475
Web Attack - Brute Force,stable,test,32,4,Fwd PSH Flags,0.03822118936502302,0.04321757387852625
Web Attack - Brute Force,stable,test,32,5,Active Min,0.03719603690707815,0.04205841052374772
Web Attack - Brute Force,stable,test,32,6,Bwd Init Win Bytes,0.03284068341077046,0.03713371261086629
Web Attack - Brute Force,stable,test,32,7,Total Fwd Packet,0.031218388908534483,0.03529934707520687
Web Attack - Brute Force,stable,test,32,8,Bwd PSH Flags,0.027709259974268794,0.03133149464870219
Web Attack - Brute Force,stable,test,32,9,Total Bwd packets,0.02605335782759189,0.029459128180035755
Web Attack - Brute Force,stable,test,32,10,Fwd Header Length,0.025032947337485102,0.028305326676857787
BENIGN,stable,test,300,1,RST Flag Count,0.0155365448990625,0.06099912769237785
BENIGN,stable,test,300,2,Bwd Packet Length Std,0.012973648486047455,0.050936758833953266
BENIGN,stable,test,300,3,Bwd Segment Size Avg,0.012118708731759298,0.04758011940221833
BENIGN,stable,test,300,4,Total Length of Bwd Packet,0.011773477593100278,0.04622468301354499
BENIGN,stable,test,300,5,Bwd Packet Length Max,0.011754948276020126,0.04615193375133979
BENIGN,stable,test,300,6,Bwd Packet Length Mean,0.01155243957838435,0.04535685003187992
BENIGN,stable,test,300,7,Packet Length Std,0.010714922773321409,0.042068616073271184
BENIGN,stable,test,300,8,Packet Length Variance,0.010629634951245588,0.04173376152335631
BENIGN,stable,test,300,9,Subflow Bwd Bytes,0.008440260684177798,0.033137904378095336
BENIGN,stable,test,300,10,Packet Length Mean,0.007980423601004637,0.03133250548558721
DoS Hulk,stable,test,300,1,Bwd Packet Length Std,0.0785081640193469,0.08499644620922678
DoS Hulk,stable,test,300,2,Packet Length Std,0.0734628254032438,0.07953413719146317
DoS Hulk,stable,test,300,3,Bwd Packet Length Mean,0.0661140849628161,0.07157806243984298
DoS Hulk,stable,test,300,4,Packet Length Variance,0.06473132135370771,0.07008102077303374
DoS Hulk,stable,test,300,5,Bwd Segment Size Avg,0.055588958566884075,0.060183090327940184
DoS Hulk,stable,test,300,6,Bwd Packet Length Max,0.05548591210481258,0.060071527623858194
DoS Hulk,stable,test,300,7,Total Length of Bwd Packet,0.05528155064891814,0.05985027678058423
DoS Hulk,stable,test,300,8,RST Flag Count,0.03313006059497044,0.03586808389220377
DoS Hulk,stable,test,300,9,Bwd Bulk Rate Avg,0.03300504396791173,0.03573273530585247
DoS Hulk,stable,test,300,10,Bwd Init Win Bytes,0.02951196757202391,0.03195097472469007
DDoS,stable,test,300,1,Total Length of Fwd Packet,0.07249646493184018,0.07609863101369466
DDoS,stable,test,300,2,Packet Length Variance,0.06388383656644024,0.06705806291630048
DDoS,stable,test,300,3,Fwd Packet Length Max,0.0631370084795928,0.06627412682969129
DDoS,stable,test,300,4,Packet Length Std,0.05985351344792799,0.06282748323010498
DDoS,stable,test,300,5,Bwd Packet Length Max,0.05410590119756642,0.05679428665615786
DDoS,stable,test,300,6,Bwd Segment Size Avg,0.052159592053447036,0.05475127033065602
DDoS,stable,test,300,7,Bwd Packet Length Mean,0.04937232398945273,0.051825509962373555
DDoS,stable,test,300,8,Bwd Init Win Bytes,0.04846661142512504,0.050874794830235166
DDoS,stable,test,300,9,Fwd Packet Length Mean,0.04600935994162551,0.04829544873209794
DDoS,stable,test,300,10,Fwd Packet Length Std,0.04184139454642953,0.04392038767243013
PortScan,stable,test,300,1,Bwd Packets/s,0.05152601952996892,0.05736436154281181
PortScan,stable,test,300,2,Dst Port,0.04899923685415494,0.05455127261652281
PortScan,stable,test,300,3,Fwd Packet Length Max,0.04207206507889448,0.0468391925876341
PortScan,stable,test,300,4,Fwd Packet Length Mean,0.0396820020837537,0.044178314859953084
PortScan,stable,test,300,5,Average Packet Size,0.038946279112406244,0.04335922813622159
PortScan,stable,test,300,6,Fwd Seg Size Min,0.037720351919807264,0.04199439282887732
PortScan,stable,test,300,7,Total Length of Fwd Packet,0.03658310457658525,0.040728285561999346
PortScan,stable,test,300,8,RST Flag Count,0.03639788678856215,0.04052208100257016
PortScan,stable,test,300,9,Total Fwd Packet,0.03605565458491488,0.04014107094123218
PortScan,stable,test,300,10,Fwd Packets/s,0.03412682813434503,0.03799369183310076
FTP-Patator,stable,test,300,1,Dst Port,0.12601648876281,0.126343888457867
FTP-Patator,stable,test,300,2,Down/Up Ratio,0.05056321185690153,0.05069457863521426
FTP-Patator,stable,test,300,3,Bwd Packet Length Max,0.04196285677749004,0.042071879228818054
FTP-Patator,stable,test,300,4,Average Packet Size,0.041379958753535506,0.04148746679482746
FTP-Patator,stable,test,300,5,Bwd Segment Size Avg,0.04086807669711794,0.04097425483284895
FTP-Patator,stable,test,300,6,Packet Length Max,0.039105544010437886,0.03920714296236674
FTP-Patator,stable,test,300,7,Packet Length Mean,0.03782607024752212,0.03792434503668526
FTP-Patator,stable,test,300,8,Bwd Packet Length Mean,0.03684632156979715,0.0369420509030325
FTP-Patator,stable,test,300,9,Subflow Bwd Bytes,0.032788406848015025,0.032873593433586784
FTP-Patator,stable,test,300,10,Total Length of Bwd Packet,0.03200101017282765,0.03208415104649396
