model,class_set,n_pairs,n_negative,n_positive,n_zero,median_delta,mean_delta,min_delta,n_wilcox,T_wilcox,p_wilcox,p_floor_wilcox,n_pratt,T_pratt,p_pratt,p_floor_pratt
RandomForest,all15,15,8,2,5,-0.0005,-0.1052,-1.0,10,7.0,0.0332,0.002,10,17.0,0.0371,0.002
RandomForest,well11,11,4,2,5,0.0,0.0012,-0.0023,6,7.0,0.5,0.0312,6,17.0,0.4688,0.0312
RandomForest,micro4,4,4,0,0,-0.2412,-0.398,-1.0,4,0.0,0.125,0.125,4,0.0,0.125,0.125
DecisionTree,all15,15,11,3,1,-0.0015,-0.0819,-0.8571,14,15.0,0.0166,0.0001,14,18.0,0.0165,0.0001
DecisionTree,well11,11,7,3,1,-0.0001,-0.0008,-0.0058,10,15.0,0.2324,0.002,10,18.0,0.2207,0.002
DecisionTree,micro4,4,4,0,0,-0.1261,-0.3049,-0.8571,4,0.0,0.125,0.125,4,0.0,0.125,0.125
LogisticRegression,all15,15,8,5,2,-0.0005,-0.0753,-0.8571,13,25.0,0.1677,0.0002,13,35.0,0.1965,0.0002
LogisticRegression,well11,11,5,5,1,0.0,-0.0006,-0.0139,10,25.0,0.8457,0.002,10,30.0,0.8652,0.002
LogisticRegression,micro4,4,3,0,1,-0.133,-0.2808,-0.8571,3,0.0,0.25,0.25,3,0.0,0.25,0.25
KNN,all15,15,4,5,6,0.0,-0.0061,-0.0898,9,21.0,0.9102,0.0039,9,48.0,0.957,0.0039
KNN,well11,11,4,5,2,0.0,-0.0084,-0.0898,9,21.0,0.9102,0.0039,9,31.0,1.0,0.0039
KNN,micro4,4,0,0,4,0.0,0.0,0.0,0,,,,0,,,
LinearSVM_SGD,all15,15,9,2,4,-0.0004,-0.0139,-0.196,11,15.0,0.123,0.001,11,23.0,0.0693,0.001
LinearSVM_SGD,well11,11,9,1,1,-0.0013,-0.0253,-0.196,10,5.0,0.0195,0.002,10,6.0,0.0156,0.002
LinearSVM_SGD,micro4,4,0,1,3,0.0,0.0175,0.0,1,0.0,1.0,1.0,1,0.0,1.0,1.0
